{"is_source_file": false, "format": "", "description": "", "external_files": [], "external_methods": [], "published": [], "classes": [], "methods": [], "calls": [], "search-terms": [], "state": 2, "file_id": 10, "knowledge_revision": 17, "git_revision": "6e3939d93a2c55373f2171aa00d7cbdea9d0dd78", "hash": "ebece526bc2eadd78ddd787a76c56607", "format-version": 4, "code-base-name": "photo_gallery_frontend", "filename": "photo_gallery_frontend/README.md", "revision_history": [{"17": "6e3939d93a2c55373f2171aa00d7cbdea9d0dd78"}]}