{"is_source_file": false, "format": "", "description": "", "external_files": [], "external_methods": [], "published": [], "classes": [], "methods": [], "calls": [], "search-terms": [], "state": 2, "file_id": 10, "knowledge_revision": 22, "git_revision": "e81ba29d2dc70d9eaab0f990a8ba0a8edb27bcf6", "ctags": [], "hash": "67b23a2f8fdc1ba7dfbd6ec856358ee7", "format-version": 4, "code-base-name": "photo_gallery_frontend", "filename": "photo_gallery_frontend/src/react-app-env.d.ts", "revision_history": [{"22": "e81ba29d2dc70d9eaab0f990a8ba0a8edb27bcf6"}]}