{"is_source_file": true, "format": "JavaScript (React component)", "description": "This file defines a React functional component called GalleryGrid that renders a responsive photo gallery grid using CSS grid layout. It takes an array of image objects and a callback function to handle opening an image.", "external_files": ["./GalleryItem", "prop-types"], "external_methods": [], "published": ["GalleryGrid"], "classes": [], "methods": [{"name": "GalleryGrid({ images, onOpen })", "description": "React functional component that displays a grid of images using the GalleryItem component.", "scope": "", "scopeKind": ""}], "calls": ["React", "PropTypes.arrayOf", "PropTypes.shape", "GalleryItem"], "search-terms": ["React", "GalleryGrid", "CSS grid", "photo gallery", "responsive layout", "PropTypes", "GalleryItem", "Image array"], "state": 2, "file_id": 6, "knowledge_revision": 18, "git_revision": "e81ba29d2dc70d9eaab0f990a8ba0a8edb27bcf6", "ctags": [{"_type": "tag", "name": "GalleryGrid", "path": "/home/kavia/workspace/code-generation/responsive-photo-gallery-202412-202702/photo_gallery_frontend/src/components/GalleryGrid.js", "pattern": "/^export default function GalleryGrid({ images, onOpen }) {$/", "language": "JavaScript", "kind": "function", "signature": "({ images, onOpen })"}, {"_type": "tag", "name": "images", "path": "/home/kavia/workspace/code-generation/responsive-photo-gallery-202412-202702/photo_gallery_frontend/src/components/GalleryGrid.js", "pattern": "/^  images: PropTypes.arrayOf($/", "language": "JavaScript", "kind": "property", "scope": "GalleryGrid.propTypes", "scopeKind": "class"}, {"_type": "tag", "name": "onOpen", "path": "/home/kavia/workspace/code-generation/responsive-photo-gallery-202412-202702/photo_gallery_frontend/src/components/GalleryGrid.js", "pattern": "/^  onOpen: PropTypes.func.isRequired$/", "language": "JavaScript", "kind": "property", "scope": "GalleryGrid.propTypes", "scopeKind": "class"}, {"_type": "tag", "name": "propTypes", "path": "/home/kavia/workspace/code-generation/responsive-photo-gallery-202412-202702/photo_gallery_frontend/src/components/GalleryGrid.js", "pattern": "/^GalleryGrid.propTypes = {$/", "language": "JavaScript", "kind": "class", "scope": "GalleryGrid", "scopeKind": "class"}], "hash": "e1d1c80b56b85c1b28c53de4fe39a8f7", "format-version": 4, "code-base-name": "photo_gallery_frontend", "filename": "photo_gallery_frontend/src/components/GalleryGrid.js", "fields": [{"name": "images: PropTypes.arrayOf(", "scope": "GalleryGrid.propTypes", "scopeKind": "class", "description": "unavailable"}, {"name": "onOpen: PropTypes.func.isRequired", "scope": "GalleryGrid.propTypes", "scopeKind": "class", "description": "unavailable"}], "revision_history": [{"18": "e81ba29d2dc70d9eaab0f990a8ba0a8edb27bcf6"}]}