{"is_source_file": false, "format": "", "description": "", "external_files": [], "external_methods": [], "published": [], "classes": [], "methods": [], "calls": [], "search-terms": [], "state": 2, "file_id": 9, "knowledge_revision": 21, "git_revision": "e81ba29d2dc70d9eaab0f990a8ba0a8edb27bcf6", "hash": "eca9bbf4f71881b17fa60b2d0e04c0a7", "format-version": 4, "code-base-name": "photo_gallery_frontend", "filename": "photo_gallery_frontend/src/styles.css", "revision_history": [{"21": "e81ba29d2dc70d9eaab0f990a8ba0a8edb27bcf6"}]}