{"is_source_file": false, "format": "", "description": "", "external_files": [], "external_methods": [], "published": [], "classes": [], "methods": [], "calls": [], "search-terms": [], "state": 2, "file_id": 11, "knowledge_revision": 23, "git_revision": "e81ba29d2dc70d9eaab0f990a8ba0a8edb27bcf6", "hash": "a644e4d3f45ab3aed230541fd406e9c9", "format-version": 4, "code-base-name": "photo_gallery_frontend", "filename": "photo_gallery_frontend/README.md", "revision_history": [{"23": "e81ba29d2dc70d9eaab0f990a8ba0a8edb27bcf6"}]}