{"is_source_file": false, "format": "", "description": "", "external_files": [], "external_methods": [], "published": [], "classes": [], "methods": [], "calls": [], "search-terms": [], "state": 2, "file_id": 1, "knowledge_revision": 15, "git_revision": "6e3939d93a2c55373f2171aa00d7cbdea9d0dd78", "hash": "d2b40d02d5f7873d8a6713bad837edd4", "format-version": 4, "code-base-name": "photo_gallery_frontend", "filename": "photo_gallery_frontend/public/index.html", "revision_history": [{"15": "6e3939d93a2c55373f2171aa00d7cbdea9d0dd78"}]}