{"is_source_file": false, "format": "", "description": "", "external_files": [], "external_methods": [], "published": [], "classes": [], "methods": [], "calls": [], "search-terms": ["App.css", "responsive layout", "CSS variables", "responsive photo gallery", "modal styles", "grid layout", "header styling", "search input styles", "card component styles", "theme variables"], "state": 2, "file_id": 6, "knowledge_revision": 36, "git_revision": "26a0e17a63b9b158a91c37a3826e1508790e4236", "revision_history": [{"27": "6e3939d93a2c55373f2171aa00d7cbdea9d0dd78"}, {"30": "12d10053cf3af5750b3019c7b9f7076fc56b6784"}, {"34": "01f20a77f3a3c4ebbe599b6dd10f050dfe3e3562"}, {"36": "26a0e17a63b9b158a91c37a3826e1508790e4236"}], "hash": "85de78f812faacbb7a71aa3ca5c421ee", "format-version": 4, "code-base-name": "photo_gallery_frontend", "filename": "photo_gallery_frontend/src/App.css"}