{"is_source_file": false, "format": "", "description": "", "external_files": [], "external_methods": [], "published": [], "classes": [], "methods": [], "calls": [], "search-terms": ["App.css", "responsive photo gallery", "layout", "CSS variables", "responsive design"], "state": 2, "file_id": 6, "knowledge_revision": 34, "git_revision": "01f20a77f3a3c4ebbe599b6dd10f050dfe3e3562", "revision_history": [{"27": "6e3939d93a2c55373f2171aa00d7cbdea9d0dd78"}, {"30": "12d10053cf3af5750b3019c7b9f7076fc56b6784"}, {"34": "01f20a77f3a3c4ebbe599b6dd10f050dfe3e3562"}], "hash": "ed3e4bd5e9666d73044870bb633273fa", "format-version": 4, "code-base-name": "photo_gallery_frontend", "filename": "photo_gallery_frontend/src/App.css"}