{"is_source_file": true, "format": "JavaScript (React JSX)", "description": "This is a React component implementing a frontend-only photo gallery with features like responsive grid, modal viewer, search, and keyboard navigation.", "external_files": ["./App.css"], "external_methods": [], "published": ["App"], "classes": [], "methods": [{"name": "makePhotoUrl(seed, width, height)", "description": "Creates deterministic image URLs using picsum.photos with given seed, width, and height.", "scope": "", "scopeKind": ""}, {"name": "App()", "scope": "", "scopeKind": "", "description": "unavailable"}], "calls": ["useMemo", "useState", "useEffect", "useRef", "makePhotoUrl", "setQuery", "setActiveIndex", "setQuery", "setActiveIndex", "setActiveIndex", "setActiveIndex", "document.addEventListener", "document.removeEventListener", "window.setTimeout", "document.body.style.overflow", "document.body.style.overflow", "setActiveIndex", "setActiveIndex", "setActiveIndex", "setActiveIndex"], "search-terms": ["React photo gallery", "Modal viewer", "Responsive grid", "Keyboard navigation", "Frontend-only images", "React hooks", "useMemo", "useState", "useEffect", "App.js"], "state": 2, "file_id": 9, "knowledge_revision": 26, "git_revision": "6e3939d93a2c55373f2171aa00d7cbdea9d0dd78", "revision_history": [{"25": "6e3939d93a2c55373f2171aa00d7cbdea9d0dd78"}, {"26": "6e3939d93a2c55373f2171aa00d7cbdea9d0dd78"}], "ctags": [{"_type": "tag", "name": "App", "path": "/home/kavia/workspace/code-generation/responsive-photo-gallery-202412-202702/photo_gallery_frontend/src/App.js", "pattern": "/^function App() {$/", "language": "JavaScript", "kind": "function", "signature": "()"}, {"_type": "tag", "name": "PHOTO_SEED", "path": "/home/kavia/workspace/code-generation/responsive-photo-gallery-202412-202702/photo_gallery_frontend/src/App.js", "pattern": "/^const PHOTO_SEED = [$/", "language": "JavaScript", "kind": "constant"}, {"_type": "tag", "name": "makePhotoUrl", "path": "/home/kavia/workspace/code-generation/responsive-photo-gallery-202412-202702/photo_gallery_frontend/src/App.js", "pattern": "/^function makePhotoUrl(seed, width, height) {$/", "language": "JavaScript", "kind": "function", "signature": "(seed, width, height)"}, {"_type": "tag", "name": "query", "path": "/home/kavia/workspace/code-generation/responsive-photo-gallery-202412-202702/photo_gallery_frontend/src/App.js", "pattern": "/^                value={query}$/", "language": "JavaScript", "kind": "field", "scope": "App.value", "scopeKind": "class"}], "hash": "2b67030233b407d57f737b1616263fcf", "format-version": 4, "code-base-name": "photo_gallery_frontend", "filename": "photo_gallery_frontend/src/App.js", "fields": [{"name": "value={query}", "scope": "App.value", "scopeKind": "class", "description": "unavailable"}]}