{"is_source_file": false, "format": "", "description": "", "external_files": [], "external_methods": [], "published": [], "classes": [], "methods": [], "calls": [], "search-terms": [], "state": 2, "file_id": 11, "knowledge_revision": 19, "git_revision": "6e3939d93a2c55373f2171aa00d7cbdea9d0dd78", "hash": "d001d53c059625c4bcf75bf5a7f3fcf0", "format-version": 4, "code-base-name": "photo_gallery_frontend", "filename": "photo_gallery_frontend/package.json", "revision_history": [{"19": "6e3939d93a2c55373f2171aa00d7cbdea9d0dd78"}]}