{"is_source_file": false, "format": "CSS", "description": "This file contains CSS styles for the photo gallery frontend, defining the layout and appearance of the webpage.", "external_files": [], "external_methods": [], "published": [], "classes": [], "methods": [], "calls": [], "search-terms": ["photo_gallery_frontend", "index.css", "CSS styles", "responsive photo gallery"], "state": 2, "file_id": 8, "knowledge_revision": 28, "git_revision": "6e3939d93a2c55373f2171aa00d7cbdea9d0dd78", "hash": "279c3a6b212331b3eafc9ee2a4c81b9a", "format-version": 4, "code-base-name": "photo_gallery_frontend", "filename": "photo_gallery_frontend/src/index.css", "revision_history": [{"28": "6e3939d93a2c55373f2171aa00d7cbdea9d0dd78"}]}