{"is_source_file": true, "format": "JavaScript (React JSX)", "description": "This file defines a React functional component called ImageModal, which provides an accessible modal dialog for viewing images with navigation controls and keyboard accessibility features.", "external_files": ["prop-types"], "external_methods": ["PropTypes.shape", "PropTypes.bool.isRequired", "PropTypes.func.isRequired", "PropTypes.shape"], "published": ["default export (ImageModal)"], "classes": [], "methods": [{"name": "ImageModal({ isOpen, image, onClose, onPrev, onNext, currentIndex, totalCount })", "description": "React functional component that renders an accessible image viewer modal, handling focus trapping, keyboard interactions, and closing behavior.", "scope": "", "scopeKind": ""}], "calls": ["React.useRef", "React.useEffect", "PropTypes.shape", "PropTypes.bool.isRequired", "PropTypes.func.isRequired", "PropTypes.shape", "setTimeout", "document.body.style.overflow", "window.addEventListener", "window.removeEventListener"], "search-terms": ["React component", "Image modal", "accessible image viewer", "focus trap", "keyboard navigation", "aria-modal", "role dialog", "React useRef", "React useEffect"], "state": 2, "file_id": 8, "knowledge_revision": 20, "git_revision": "e81ba29d2dc70d9eaab0f990a8ba0a8edb27bcf6", "ctags": [{"_type": "tag", "name": "ImageModal", "path": "/home/kavia/workspace/code-generation/responsive-photo-gallery-202412-202702/photo_gallery_frontend/src/components/ImageModal.js", "pattern": "/^export default function ImageModal({$/", "language": "JavaScript", "kind": "function", "signature": "({ isOpen, image, onClose, onPrev, onNext, currentIndex, totalCount })"}, {"_type": "tag", "name": "closeBtnRef", "path": "/home/kavia/workspace/code-generation/responsive-photo-gallery-202412-202702/photo_gallery_frontend/src/components/ImageModal.js", "pattern": "/^            ref={closeBtnRef}$/", "language": "JavaScript", "kind": "field", "scope": "ImageModal.ref", "scopeKind": "class"}, {"_type": "tag", "name": "currentIndex", "path": "/home/kavia/workspace/code-generation/responsive-photo-gallery-202412-202702/photo_gallery_frontend/src/components/ImageModal.js", "pattern": "/^  currentIndex: PropTypes.number,$/", "language": "JavaScript", "kind": "property", "scope": "ImageModal.propTypes", "scopeKind": "class"}, {"_type": "tag", "name": "currentIndex", "path": "/home/kavia/workspace/code-generation/responsive-photo-gallery-202412-202702/photo_gallery_frontend/src/components/ImageModal.js", "pattern": "/^  currentIndex: null$/", "language": "JavaScript", "kind": "property", "scope": "ImageModal.defaultProps", "scopeKind": "class"}, {"_type": "tag", "name": "defaultProps", "path": "/home/kavia/workspace/code-generation/responsive-photo-gallery-202412-202702/photo_gallery_frontend/src/components/ImageModal.js", "pattern": "/^ImageModal.defaultProps = {$/", "language": "JavaScript", "kind": "class", "scope": "ImageModal", "scopeKind": "class"}, {"_type": "tag", "name": "image", "path": "/home/kavia/workspace/code-generation/responsive-photo-gallery-202412-202702/photo_gallery_frontend/src/components/ImageModal.js", "pattern": "/^  image: PropTypes.shape({$/", "language": "JavaScript", "kind": "property", "scope": "ImageModal.propTypes", "scopeKind": "class"}, {"_type": "tag", "name": "image", "path": "/home/kavia/workspace/code-generation/responsive-photo-gallery-202412-202702/photo_gallery_frontend/src/components/ImageModal.js", "pattern": "/^  image: null,$/", "language": "JavaScript", "kind": "property", "scope": "ImageModal.defaultProps", "scopeKind": "class"}, {"_type": "tag", "name": "isOpen", "path": "/home/kavia/workspace/code-generation/responsive-photo-gallery-202412-202702/photo_gallery_frontend/src/components/ImageModal.js", "pattern": "/^  isOpen: PropTypes.bool.isRequired,$/", "language": "JavaScript", "kind": "property", "scope": "ImageModal.propTypes", "scopeKind": "class"}, {"_type": "tag", "name": "onClose", "path": "/home/kavia/workspace/code-generation/responsive-photo-gallery-202412-202702/photo_gallery_frontend/src/components/ImageModal.js", "pattern": "/^            onClick={onClose}$/", "language": "JavaScript", "kind": "field", "scope": "ImageModal.onClick", "scopeKind": "class"}, {"_type": "tag", "name": "onClose", "path": "/home/kavia/workspace/code-generation/responsive-photo-gallery-202412-202702/photo_gallery_frontend/src/components/ImageModal.js", "pattern": "/^  onClose: PropTypes.func.isRequired,$/", "language": "JavaScript", "kind": "property", "scope": "ImageModal.propTypes", "scopeKind": "class"}, {"_type": "tag", "name": "onNext", "path": "/home/kavia/workspace/code-generation/responsive-photo-gallery-202412-202702/photo_gallery_frontend/src/components/ImageModal.js", "pattern": "/^            onClick={onNext}$/", "language": "JavaScript", "kind": "field", "scope": "ImageModal.onClick", "scopeKind": "class"}, {"_type": "tag", "name": "onNext", "path": "/home/kavia/workspace/code-generation/responsive-photo-gallery-202412-202702/photo_gallery_frontend/src/components/ImageModal.js", "pattern": "/^  onNext: PropTypes.func.isRequired,$/", "language": "JavaScript", "kind": "property", "scope": "ImageModal.propTypes", "scopeKind": "class"}, {"_type": "tag", "name": "onPrev", "path": "/home/kavia/workspace/code-generation/responsive-photo-gallery-202412-202702/photo_gallery_frontend/src/components/ImageModal.js", "pattern": "/^            onClick={onPrev}$/", "language": "JavaScript", "kind": "field", "scope": "ImageModal.onClick", "scopeKind": "class"}, {"_type": "tag", "name": "onPrev", "path": "/home/kavia/workspace/code-generation/responsive-photo-gallery-202412-202702/photo_gallery_frontend/src/components/ImageModal.js", "pattern": "/^  onPrev: PropTypes.func.isRequired,$/", "language": "JavaScript", "kind": "property", "scope": "ImageModal.propTypes", "scopeKind": "class"}, {"_type": "tag", "name": "propTypes", "path": "/home/kavia/workspace/code-generation/responsive-photo-gallery-202412-202702/photo_gallery_frontend/src/components/ImageModal.js", "pattern": "/^ImageModal.propTypes = {$/", "language": "JavaScript", "kind": "class", "scope": "ImageModal", "scopeKind": "class"}, {"_type": "tag", "name": "totalCount", "path": "/home/kavia/workspace/code-generation/responsive-photo-gallery-202412-202702/photo_gallery_frontend/src/components/ImageModal.js", "pattern": "/^  totalCount: PropTypes.number.isRequired$/", "language": "JavaScript", "kind": "property", "scope": "ImageModal.propTypes", "scopeKind": "class"}], "hash": "313db8f124d471eb53311f8e44c49485", "format-version": 4, "code-base-name": "photo_gallery_frontend", "filename": "photo_gallery_frontend/src/components/ImageModal.js", "fields": [{"name": "ref={closeBtnRef}", "scope": "ImageModal.ref", "scopeKind": "class", "description": "unavailable"}, {"name": "currentIndex: PropTypes.number,", "scope": "ImageModal.propTypes", "scopeKind": "class", "description": "unavailable"}, {"name": "currentIndex: null", "scope": "ImageModal.defaultProps", "scopeKind": "class", "description": "unavailable"}, {"name": "image: PropTypes.shape({", "scope": "ImageModal.propTypes", "scopeKind": "class", "description": "unavailable"}, {"name": "image: null,", "scope": "ImageModal.defaultProps", "scopeKind": "class", "description": "unavailable"}, {"name": "isOpen: PropTypes.bool.isRequired,", "scope": "ImageModal.propTypes", "scopeKind": "class", "description": "unavailable"}, {"name": "onClick={onClose}", "scope": "ImageModal.onClick", "scopeKind": "class", "description": "unavailable"}, {"name": "onClose: PropTypes.func.isRequired,", "scope": "ImageModal.propTypes", "scopeKind": "class", "description": "unavailable"}, {"name": "onClick={onNext}", "scope": "ImageModal.onClick", "scopeKind": "class", "description": "unavailable"}, {"name": "onNext: PropTypes.func.isRequired,", "scope": "ImageModal.propTypes", "scopeKind": "class", "description": "unavailable"}, {"name": "onClick={onPrev}", "scope": "ImageModal.onClick", "scopeKind": "class", "description": "unavailable"}, {"name": "onPrev: PropTypes.func.isRequired,", "scope": "ImageModal.propTypes", "scopeKind": "class", "description": "unavailable"}, {"name": "totalCount: PropTypes.number.isRequired", "scope": "ImageModal.propTypes", "scopeKind": "class", "description": "unavailable"}], "revision_history": [{"20": "e81ba29d2dc70d9eaab0f990a8ba0a8edb27bcf6"}]}