{"is_source_file": true, "format": "JavaScript (React JSX)", "description": "This file is a React frontend component for a simple, frontend-only responsive photo gallery with modal viewing capabilities, tag filtering, and search functionality.", "external_files": ["./App.css"], "external_methods": ["React.useMemo", "React.useState", "React.useRef", "React.useEffect"], "published": ["App"], "classes": [], "methods": [{"name": "makePhotoUrl(seed, width, height)", "description": "Creates stable, deterministic image URLs using picsum, avoiding backend dependencies.", "scope": "", "scopeKind": ""}, {"name": "App()", "scope": "", "scopeKind": "", "description": "unavailable"}], "calls": ["React.useMemo", "React.useState", "React.useRef", "React.useEffect", "makePhotoUrl"], "search-terms": ["Photo Gallery", "Responsive grid", "Modal viewer", "React component", "filter by tags", "search", "local images", "responsive masonry grid"], "state": 2, "file_id": 9, "knowledge_revision": 35, "git_revision": "26a0e17a63b9b158a91c37a3826e1508790e4236", "revision_history": [{"25": "6e3939d93a2c55373f2171aa00d7cbdea9d0dd78"}, {"26": "6e3939d93a2c55373f2171aa00d7cbdea9d0dd78"}, {"31": "12d10053cf3af5750b3019c7b9f7076fc56b6784"}, {"32": "01f20a77f3a3c4ebbe599b6dd10f050dfe3e3562"}, {"33": "160193693fa6e94ee125b63b16880218f47701c0"}, {"35": "26a0e17a63b9b158a91c37a3826e1508790e4236"}], "ctags": [{"_type": "tag", "name": "App", "path": "/home/kavia/workspace/code-generation/responsive-photo-gallery-202412-202702/photo_gallery_frontend/src/App.js", "pattern": "/^function App() {$/", "language": "JavaScript", "kind": "function", "signature": "()"}, {"_type": "tag", "name": "PHOTO_SEED", "path": "/home/kavia/workspace/code-generation/responsive-photo-gallery-202412-202702/photo_gallery_frontend/src/App.js", "pattern": "/^const PHOTO_SEED = [$/", "language": "JavaScript", "kind": "constant"}, {"_type": "tag", "name": "makePhotoUrl", "path": "/home/kavia/workspace/code-generation/responsive-photo-gallery-202412-202702/photo_gallery_frontend/src/App.js", "pattern": "/^function makePhotoUrl(seed, width, height) {$/", "language": "JavaScript", "kind": "function", "signature": "(seed, width, height)"}, {"_type": "tag", "name": "query", "path": "/home/kavia/workspace/code-generation/responsive-photo-gallery-202412-202702/photo_gallery_frontend/src/App.js", "pattern": "/^                value={query}$/", "language": "JavaScript", "kind": "field", "scope": "App.value", "scopeKind": "class"}], "hash": "79b8b170bbf782c609b09410ce2de7b8", "format-version": 4, "code-base-name": "photo_gallery_frontend", "filename": "photo_gallery_frontend/src/App.js", "fields": [{"name": "value={query}", "scope": "App.value", "scopeKind": "class", "description": "unavailable"}]}