{"is_source_file": true, "format": "JavaScript (React JSX)", "description": "This file defines a React component for a frontend-only responsive photo gallery with features like modal viewer, search filtering, and keyboard navigation.", "external_files": ["./App.css"], "external_methods": [], "published": ["App"], "classes": [], "methods": [{"name": "makePhotoUrl(seed, width, height)", "description": "Creates stable, deterministic image URLs using the Picsum service for placeholder images.", "scope": "", "scopeKind": ""}, {"name": "App()", "scope": "", "scopeKind": "", "description": "unavailable"}], "calls": ["useMemo", "useState", "useRef", "useEffect", "setTimeout", "document.addEventListener", "document.removeEventListener", "makePhotoUrl"], "search-terms": ["React component", "photo gallery", "responsive grid", "modal viewer", "keyboard accessibility", "search filter", "React hooks", "App.js", "useMemo", "useState"], "state": 2, "file_id": 9, "knowledge_revision": 32, "git_revision": "01f20a77f3a3c4ebbe599b6dd10f050dfe3e3562", "revision_history": [{"25": "6e3939d93a2c55373f2171aa00d7cbdea9d0dd78"}, {"26": "6e3939d93a2c55373f2171aa00d7cbdea9d0dd78"}, {"31": "12d10053cf3af5750b3019c7b9f7076fc56b6784"}, {"32": "01f20a77f3a3c4ebbe599b6dd10f050dfe3e3562"}], "ctags": [{"_type": "tag", "name": "App", "path": "/home/kavia/workspace/code-generation/responsive-photo-gallery-202412-202702/photo_gallery_frontend/src/App.js", "pattern": "/^function App() {$/", "language": "JavaScript", "kind": "function", "signature": "()"}, {"_type": "tag", "name": "PHOTO_SEED", "path": "/home/kavia/workspace/code-generation/responsive-photo-gallery-202412-202702/photo_gallery_frontend/src/App.js", "pattern": "/^const PHOTO_SEED = [$/", "language": "JavaScript", "kind": "constant"}, {"_type": "tag", "name": "makePhotoUrl", "path": "/home/kavia/workspace/code-generation/responsive-photo-gallery-202412-202702/photo_gallery_frontend/src/App.js", "pattern": "/^function makePhotoUrl(seed, width, height) {$/", "language": "JavaScript", "kind": "function", "signature": "(seed, width, height)"}, {"_type": "tag", "name": "query", "path": "/home/kavia/workspace/code-generation/responsive-photo-gallery-202412-202702/photo_gallery_frontend/src/App.js", "pattern": "/^                value={query}$/", "language": "JavaScript", "kind": "field", "scope": "App.value", "scopeKind": "class"}], "hash": "c174162c397642e1aaddb36f909055df", "format-version": 4, "code-base-name": "photo_gallery_frontend", "filename": "photo_gallery_frontend/src/App.js", "fields": [{"name": "value={query}", "scope": "App.value", "scopeKind": "class", "description": "unavailable"}]}