{"is_source_file": true, "format": "JavaScript (React)", "description": "This file is a React component implementing a simple, frontend-only photo gallery with features like responsive grid, modal viewer, search filtering, and keyboard accessibility.", "external_files": ["./App.css"], "external_methods": ["React.useEffect", "React.useMemo", "React.useRef", "React.useState"], "published": ["App"], "classes": [], "methods": [{"name": "makePhotoUrl(seed, width, height)", "description": "Creates deterministic image URLs using the Picsum Photos service based on a seed, width, and height.", "scope": "", "scopeKind": ""}, {"name": "App()", "scope": "", "scopeKind": "", "description": "unavailable"}], "calls": ["React.useMemo", "React.useRef", "React.useState", "document.activeElement", "window.setTimeout", "document.addEventListener", "document.removeEventListener", "document.body.style.overflow", "setActiveIndex", "makePhotoUrl"], "search-terms": ["React", "photo gallery", "modal viewer", "responsive grid", "keyboard accessibility", "search filtering", "React hooks", "App component"], "state": 2, "file_id": 9, "knowledge_revision": 31, "git_revision": "12d10053cf3af5750b3019c7b9f7076fc56b6784", "revision_history": [{"25": "6e3939d93a2c55373f2171aa00d7cbdea9d0dd78"}, {"26": "6e3939d93a2c55373f2171aa00d7cbdea9d0dd78"}, {"31": "12d10053cf3af5750b3019c7b9f7076fc56b6784"}], "ctags": [{"_type": "tag", "name": "App", "path": "/home/kavia/workspace/code-generation/responsive-photo-gallery-202412-202702/photo_gallery_frontend/src/App.js", "pattern": "/^function App() {$/", "language": "JavaScript", "kind": "function", "signature": "()"}, {"_type": "tag", "name": "PHOTO_SEED", "path": "/home/kavia/workspace/code-generation/responsive-photo-gallery-202412-202702/photo_gallery_frontend/src/App.js", "pattern": "/^const PHOTO_SEED = [$/", "language": "JavaScript", "kind": "constant"}, {"_type": "tag", "name": "makePhotoUrl", "path": "/home/kavia/workspace/code-generation/responsive-photo-gallery-202412-202702/photo_gallery_frontend/src/App.js", "pattern": "/^function makePhotoUrl(seed, width, height) {$/", "language": "JavaScript", "kind": "function", "signature": "(seed, width, height)"}, {"_type": "tag", "name": "query", "path": "/home/kavia/workspace/code-generation/responsive-photo-gallery-202412-202702/photo_gallery_frontend/src/App.js", "pattern": "/^                value={query}$/", "language": "JavaScript", "kind": "field", "scope": "App.value", "scopeKind": "class"}], "hash": "3e3787dfdcec6353123e19ea4a6de7a7", "format-version": 4, "code-base-name": "photo_gallery_frontend", "filename": "photo_gallery_frontend/src/App.js", "fields": [{"name": "value={query}", "scope": "App.value", "scopeKind": "class", "description": "unavailable"}]}