{"is_source_file": true, "format": "JavaScript", "description": "The file is the main React application component for a responsive photo gallery. It manages state for the active image modal, handles navigation and URL hash updates, and renders core components such as GalleryGrid and ImageModal.", "external_files": ["./components/GalleryGrid", "./components/ImageModal"], "external_methods": [], "published": ["App"], "classes": [], "methods": [{"name": "getInitialImageIndexFromHash(images)", "description": "Retrieves the initial image index from the URL hash for deep linking to a specific image.", "scope": "", "scopeKind": ""}, {"name": "App()", "description": "Main React component that renders the photo gallery application, manages modal state, and handles navigation between images.", "scope": "", "scopeKind": ""}], "calls": ["useMemo", "useState", "window.location.hash", "images.findIndex", "setActiveIndex", "history.replaceState", "window.location.pathname", "window.location.search", "setActiveIndex", "window.location.hash"], "search-terms": ["React", "PhotoGallery", "ImageModal", "GalleryGrid", "deep-linking", "URL hash", "modal navigation", "responsive grid"], "state": 2, "file_id": 5, "knowledge_revision": 17, "git_revision": "e81ba29d2dc70d9eaab0f990a8ba0a8edb27bcf6", "ctags": [{"_type": "tag", "name": "App", "path": "/home/kavia/workspace/code-generation/responsive-photo-gallery-202412-202702/photo_gallery_frontend/src/App.js", "pattern": "/^export default function App() {$/", "language": "JavaScript", "kind": "function", "signature": "()"}, {"_type": "tag", "name": "DEFAULT_IMAGES", "path": "/home/kavia/workspace/code-generation/responsive-photo-gallery-202412-202702/photo_gallery_frontend/src/App.js", "pattern": "/^const DEFAULT_IMAGES = [$/", "language": "JavaScript", "kind": "constant"}, {"_type": "tag", "name": "activeImage", "path": "/home/kavia/workspace/code-generation/responsive-photo-gallery-202412-202702/photo_gallery_frontend/src/App.js", "pattern": "/^        image={activeImage}$/", "language": "JavaScript", "kind": "field", "scope": "App.image", "scopeKind": "class"}, {"_type": "tag", "name": "activeIndex", "path": "/home/kavia/workspace/code-generation/responsive-photo-gallery-202412-202702/photo_gallery_frontend/src/App.js", "pattern": "/^        currentIndex={activeIndex}$/", "language": "JavaScript", "kind": "field", "scope": "App.currentIndex", "scopeKind": "class"}, {"_type": "tag", "name": "activeIndex", "path": "/home/kavia/workspace/code-generation/responsive-photo-gallery-202412-202702/photo_gallery_frontend/src/App.js", "pattern": "/^        isOpen={activeIndex !== null}$/", "language": "JavaScript", "kind": "field", "scope": "App.isOpen", "scopeKind": "class"}, {"_type": "tag", "name": "getInitialImageIndexFromHash", "path": "/home/kavia/workspace/code-generation/responsive-photo-gallery-202412-202702/photo_gallery_frontend/src/App.js", "pattern": "/^function getInitialImageIndexFromHash(images) {$/", "language": "JavaScript", "kind": "function", "signature": "(images)"}, {"_type": "tag", "name": "images", "path": "/home/kavia/workspace/code-generation/responsive-photo-gallery-202412-202702/photo_gallery_frontend/src/App.js", "pattern": "/^        totalCount={images.length}$/", "language": "JavaScript", "kind": "field", "scope": "App.totalCount", "scopeKind": "class"}, {"_type": "tag", "name": "onClose", "path": "/home/kavia/workspace/code-generation/responsive-photo-gallery-202412-202702/photo_gallery_frontend/src/App.js", "pattern": "/^        onClose={onClose}$/", "language": "JavaScript", "kind": "field", "scope": "App.onClose", "scopeKind": "class"}, {"_type": "tag", "name": "onNext", "path": "/home/kavia/workspace/code-generation/responsive-photo-gallery-202412-202702/photo_gallery_frontend/src/App.js", "pattern": "/^        onNext={onNext}$/", "language": "JavaScript", "kind": "field", "scope": "App.onNext", "scopeKind": "class"}, {"_type": "tag", "name": "onPrev", "path": "/home/kavia/workspace/code-generation/responsive-photo-gallery-202412-202702/photo_gallery_frontend/src/App.js", "pattern": "/^        onPrev={onPrev}$/", "language": "JavaScript", "kind": "field", "scope": "App.onPrev", "scopeKind": "class"}], "hash": "f887feec00a17c533bd820d3ac2749b0", "format-version": 4, "code-base-name": "photo_gallery_frontend", "filename": "photo_gallery_frontend/src/App.js", "fields": [{"name": "image={activeImage}", "scope": "App.image", "scopeKind": "class", "description": "unavailable"}, {"name": "currentIndex={activeIndex}", "scope": "App.currentIndex", "scopeKind": "class", "description": "unavailable"}, {"name": "isOpen={activeIndex !== null}", "scope": "App.isOpen", "scopeKind": "class", "description": "unavailable"}, {"name": "totalCount={images.length}", "scope": "App.totalCount", "scopeKind": "class", "description": "unavailable"}, {"name": "onClose={onClose}", "scope": "App.onClose", "scopeKind": "class", "description": "unavailable"}, {"name": "onNext={onNext}", "scope": "App.onNext", "scopeKind": "class", "description": "unavailable"}, {"name": "onPrev={onPrev}", "scope": "App.onPrev", "scopeKind": "class", "description": "unavailable"}], "revision_history": [{"17": "e81ba29d2dc70d9eaab0f990a8ba0a8edb27bcf6"}]}