{"is_source_file": false, "format": "", "description": "", "external_files": [], "external_methods": [], "published": [], "classes": [], "methods": [], "calls": [], "search-terms": [], "state": 2, "file_id": 6, "knowledge_revision": 27, "git_revision": "6e3939d93a2c55373f2171aa00d7cbdea9d0dd78", "hash": "6ca32b311add5cddc2ccb79dd195b38e", "format-version": 4, "code-base-name": "photo_gallery_frontend", "filename": "photo_gallery_frontend/src/App.css", "revision_history": [{"27": "6e3939d93a2c55373f2171aa00d7cbdea9d0dd78"}]}