{"is_source_file": true, "format": "JavaScript", "description": "Entry point for a React web application, responsible for rendering the main App component into the DOM.", "external_files": ["./App", "./styles.css"], "external_methods": ["ReactDOM.render"], "published": [], "classes": [], "methods": [], "calls": ["ReactDOM.render"], "search-terms": ["index.js", "React", "ReactDOM", "App", "rendering", "entry point", "React.StrictMode"], "state": 2, "file_id": 4, "knowledge_revision": 14, "git_revision": "e81ba29d2dc70d9eaab0f990a8ba0a8edb27bcf6", "ctags": [], "hash": "f3d7264549017c6820b8ddff34a80c0c", "format-version": 4, "code-base-name": "photo_gallery_frontend", "filename": "photo_gallery_frontend/src/index.js", "revision_history": [{"14": "e81ba29d2dc70d9eaab0f990a8ba0a8edb27bcf6"}]}