{"is_source_file": false, "format": "", "description": "", "external_files": [], "external_methods": [], "published": [], "classes": [], "methods": [], "calls": [], "search-terms": [], "state": 2, "file_id": 2, "knowledge_revision": 21, "git_revision": "6e3939d93a2c55373f2171aa00d7cbdea9d0dd78", "hash": "d9d975cebe2ec20b6c652e1e4c12ccf0", "format-version": 4, "code-base-name": "photo_gallery_frontend", "filename": "photo_gallery_frontend/public/manifest.json", "revision_history": [{"21": "6e3939d93a2c55373f2171aa00d7cbdea9d0dd78"}]}