{"is_source_file": false, "format": "", "description": "", "external_files": [], "external_methods": [], "published": [], "classes": [], "methods": [], "calls": [], "search-terms": [], "state": 2, "file_id": 6, "knowledge_revision": 30, "git_revision": "12d10053cf3af5750b3019c7b9f7076fc56b6784", "revision_history": [{"27": "6e3939d93a2c55373f2171aa00d7cbdea9d0dd78"}, {"30": "12d10053cf3af5750b3019c7b9f7076fc56b6784"}], "hash": "ffb1dd7ea2b62ba9afaf3c83f55ba4cd", "format-version": 4, "code-base-name": "photo_gallery_frontend", "filename": "photo_gallery_frontend/src/App.css"}