{"is_source_file": true, "format": "JavaScript", "description": "Entry point for a React application that renders the root component into the DOM.", "external_files": ["./App", "./index.css"], "external_methods": ["ReactDOM.createRoot", "root.render"], "published": [], "classes": [], "methods": ["ReactDOM.createRoot", "root.render"], "calls": ["ReactDOM.createRoot", "root.render", "document.getElementById", "React.StrictMode", "App"], "search-terms": ["React", "ReactDOM", "index.js", "entry point", "render", "root"], "state": 2, "file_id": 5, "knowledge_revision": 23, "git_revision": "6e3939d93a2c55373f2171aa00d7cbdea9d0dd78", "ctags": [{"_type": "tag", "name": "root", "path": "/home/kavia/workspace/code-generation/responsive-photo-gallery-202412-202702/photo_gallery_frontend/src/index.js", "pattern": "/^const root = ReactDOM.createRoot(document.getElementById('root'));$/", "language": "JavaScript", "kind": "constant"}], "hash": "9fc5841375336fc175b49f8767a11383", "format-version": 4, "code-base-name": "photo_gallery_frontend", "filename": "photo_gallery_frontend/src/index.js", "revision_history": [{"23": "6e3939d93a2c55373f2171aa00d7cbdea9d0dd78"}]}