{"is_source_file": false, "format": "", "description": "", "external_files": [], "external_methods": [], "published": [], "classes": [], "methods": [], "calls": [], "search-terms": [], "state": 2, "file_id": 3, "knowledge_revision": 12, "git_revision": "e81ba29d2dc70d9eaab0f990a8ba0a8edb27bcf6", "hash": "741317b2983f06a96654776f963c75c2", "format-version": 4, "code-base-name": "photo_gallery_frontend", "filename": "photo_gallery_frontend/public/index.html", "revision_history": [{"12": "e81ba29d2dc70d9eaab0f990a8ba0a8edb27bcf6"}]}