{"is_source_file": true, "format": "JavaScript (React component)", "description": "A React functional component named GalleryItem that displays an image inside a button, with accessibility features and PropTypes validation.", "external_files": ["react", "prop-types"], "external_methods": ["PropTypes.shape", "PropTypes.string.isRequired", "PropTypes.number.isRequired", "PropTypes.func.isRequired"], "published": ["GalleryItem"], "classes": [], "methods": [{"name": "GalleryItem({ image, index, onOpen })", "description": "Functional React component that renders a button containing an image and overlay, which calls onOpen with the index when clicked.", "scope": "", "scopeKind": ""}], "calls": ["React", "PropTypes.shape", "PropTypes.string.isRequired", "PropTypes.number.isRequired", "PropTypes.func.isRequired"], "search-terms": ["React component", "GalleryItem", "props validation", "image button", "accessibility", "lazy loading"], "state": 2, "file_id": 7, "knowledge_revision": 19, "git_revision": "e81ba29d2dc70d9eaab0f990a8ba0a8edb27bcf6", "ctags": [{"_type": "tag", "name": "GalleryItem", "path": "/home/kavia/workspace/code-generation/responsive-photo-gallery-202412-202702/photo_gallery_frontend/src/components/GalleryItem.js", "pattern": "/^export default function GalleryItem({ image, index, onOpen }) {$/", "language": "JavaScript", "kind": "function", "signature": "({ image, index, onOpen })"}, {"_type": "tag", "name": "alt}", "path": "/home/kavia/workspace/code-generation/responsive-photo-gallery-202412-202702/photo_gallery_frontend/src/components/GalleryItem.js", "pattern": "/^      aria-label={`Open image: ${image.alt}`}$/", "language": "JavaScript", "kind": "field", "scope": "GalleryItem.aria.Open image: ${image", "scopeKind": "class"}, {"_type": "tag", "name": "image", "path": "/home/kavia/workspace/code-generation/responsive-photo-gallery-202412-202702/photo_gallery_frontend/src/components/GalleryItem.js", "pattern": "/^  image: PropTypes.shape({$/", "language": "JavaScript", "kind": "property", "scope": "GalleryItem.propTypes", "scopeKind": "class"}, {"_type": "tag", "name": "index", "path": "/home/kavia/workspace/code-generation/responsive-photo-gallery-202412-202702/photo_gallery_frontend/src/components/GalleryItem.js", "pattern": "/^  index: PropTypes.number.isRequired,$/", "language": "JavaScript", "kind": "property", "scope": "GalleryItem.propTypes", "scopeKind": "class"}, {"_type": "tag", "name": "onOpen", "path": "/home/kavia/workspace/code-generation/responsive-photo-gallery-202412-202702/photo_gallery_frontend/src/components/GalleryItem.js", "pattern": "/^  onOpen: PropTypes.func.isRequired$/", "language": "JavaScript", "kind": "property", "scope": "GalleryItem.propTypes", "scopeKind": "class"}, {"_type": "tag", "name": "propTypes", "path": "/home/kavia/workspace/code-generation/responsive-photo-gallery-202412-202702/photo_gallery_frontend/src/components/GalleryItem.js", "pattern": "/^GalleryItem.propTypes = {$/", "language": "JavaScript", "kind": "class", "scope": "GalleryItem", "scopeKind": "class"}], "hash": "4d148c1cfc54637b929ded9b63dcdcea", "format-version": 4, "code-base-name": "photo_gallery_frontend", "filename": "photo_gallery_frontend/src/components/GalleryItem.js", "fields": [{"name": "aria-label={`Open image: ${image.alt}`}", "scope": "GalleryItem.aria.Open image: ${image", "scopeKind": "class", "description": "unavailable"}, {"name": "image: PropTypes.shape({", "scope": "GalleryItem.propTypes", "scopeKind": "class", "description": "unavailable"}, {"name": "index: PropTypes.number.isRequired,", "scope": "GalleryItem.propTypes", "scopeKind": "class", "description": "unavailable"}, {"name": "onOpen: PropTypes.func.isRequired", "scope": "GalleryItem.propTypes", "scopeKind": "class", "description": "unavailable"}], "revision_history": [{"19": "e81ba29d2dc70d9eaab0f990a8ba0a8edb27bcf6"}]}