{"is_source_file": false, "format": null, "description": "", "external_files": [], "external_methods": [], "published": [], "classes": [], "methods": [], "calls": [], "search-terms": [], "state": 2, "file_id": 4, "knowledge_revision": 22, "git_revision": "6e3939d93a2c55373f2171aa00d7cbdea9d0dd78", "ctags": [], "hash": "1a77571e1a8cf36018a41bcedf60db75", "format-version": 4, "code-base-name": "photo_gallery_frontend", "filename": "photo_gallery_frontend/src/setupTests.js", "revision_history": [{"22": "6e3939d93a2c55373f2171aa00d7cbdea9d0dd78"}]}