{"is_source_file": false, "format": "", "description": "", "external_files": [], "external_methods": [], "published": [], "classes": [], "methods": [], "calls": [], "search-terms": ["App.css", "responsive photo gallery theme", "layout", "CSS variables", "responsive grid", "modal styles"], "state": 2, "file_id": 6, "knowledge_revision": 38, "git_revision": "d6497dcfb9937210a194d454bd90e880ce92137d", "revision_history": [{"27": "6e3939d93a2c55373f2171aa00d7cbdea9d0dd78"}, {"30": "12d10053cf3af5750b3019c7b9f7076fc56b6784"}, {"34": "01f20a77f3a3c4ebbe599b6dd10f050dfe3e3562"}, {"36": "26a0e17a63b9b158a91c37a3826e1508790e4236"}, {"38": "d6497dcfb9937210a194d454bd90e880ce92137d"}], "hash": "0935a8fdc1000a0dec7b8d8a2ec628f1", "format-version": 4, "code-base-name": "photo_gallery_frontend", "filename": "photo_gallery_frontend/src/App.css"}