{"is_source_file": false, "format": "", "description": "", "external_files": [], "external_methods": [], "published": [], "classes": [], "methods": [], "calls": [], "search-terms": [], "state": 2, "file_id": 3, "knowledge_revision": 14, "git_revision": "6e3939d93a2c55373f2171aa00d7cbdea9d0dd78", "hash": "be6538e7523bc2e9da0743133d784136", "format-version": 4, "code-base-name": "photo_gallery_frontend", "filename": "photo_gallery_frontend/eslint.config.mjs", "revision_history": [{"14": "6e3939d93a2c55373f2171aa00d7cbdea9d0dd78"}]}