{"is_source_file": true, "format": "JavaScript", "description": "This is the main React component source file for a frontend-only, responsive photo gallery web application. It contains component definitions, state management, and UI logic including search, filtering, modal viewer, and favorites functionality.", "external_files": ["./App.css"], "external_methods": ["window.localStorage.getItem", "window.localStorage.setItem", "Array.prototype.map", "Set.prototype.has", "JSON.parse", "JSON.stringify", "document.addEventListener", "document.removeEventListener", "document.activeElement", "HTMLElement.focus", "window.setTimeout"], "published": ["App"], "classes": [], "methods": [{"name": "makePhotoUrl(seed, width, height)", "description": "Generates deterministic image URLs using the Picsum service based on seed, width, and height.", "scope": "", "scopeKind": ""}, {"name": "readFavoritesFromStorage()", "description": "Reads and parses the favorites set from localStorage, with error handling for malformed data.", "scope": "", "scopeKind": ""}, {"name": "writeFavoritesToStorage(favoritesSet)", "description": "Serializes and saves the favorites set into localStorage.", "scope": "", "scopeKind": ""}, {"name": "App()", "scope": "", "scopeKind": "", "description": "unavailable"}], "calls": ["useMemo", "useState", "useEffect", "useRef", "writeFavoritesToStorage", "readFavoritesFromStorage"], "search-terms": ["React photo gallery", "responsive masonry grid", "modal image viewer", "favorites persistence", "localStorage favorites", "search filtering", "tag filtering", "keyboard navigation", "accessible modal", "image URL generation"], "state": 2, "file_id": 9, "knowledge_revision": 37, "git_revision": "d6497dcfb9937210a194d454bd90e880ce92137d", "revision_history": [{"25": "6e3939d93a2c55373f2171aa00d7cbdea9d0dd78"}, {"26": "6e3939d93a2c55373f2171aa00d7cbdea9d0dd78"}, {"31": "12d10053cf3af5750b3019c7b9f7076fc56b6784"}, {"32": "01f20a77f3a3c4ebbe599b6dd10f050dfe3e3562"}, {"33": "160193693fa6e94ee125b63b16880218f47701c0"}, {"35": "26a0e17a63b9b158a91c37a3826e1508790e4236"}, {"37": "d6497dcfb9937210a194d454bd90e880ce92137d"}], "ctags": [{"_type": "tag", "name": "App", "path": "/home/kavia/workspace/code-generation/responsive-photo-gallery-202412-202702/photo_gallery_frontend/src/App.js", "pattern": "/^function App() {$/", "language": "JavaScript", "kind": "function", "signature": "()"}, {"_type": "tag", "name": "FAVORITES_STORAGE_KEY", "path": "/home/kavia/workspace/code-generation/responsive-photo-gallery-202412-202702/photo_gallery_frontend/src/App.js", "pattern": "/^const FAVORITES_STORAGE_KEY = \"pg:favorites:v1\";$/", "language": "JavaScript", "kind": "constant"}, {"_type": "tag", "name": "PHOTO_SEED", "path": "/home/kavia/workspace/code-generation/responsive-photo-gallery-202412-202702/photo_gallery_frontend/src/App.js", "pattern": "/^const PHOTO_SEED = [$/", "language": "JavaScript", "kind": "constant"}, {"_type": "tag", "name": "favoritesOnly", "path": "/home/kavia/workspace/code-generation/responsive-photo-gallery-202412-202702/photo_gallery_frontend/src/App.js", "pattern": "/^                aria-pressed={favoritesOnly}$/", "language": "JavaScript", "kind": "field", "scope": "App.aria", "scopeKind": "class"}, {"_type": "tag", "name": "favoritesOnly", "path": "/home/kavia/workspace/code-generation/responsive-photo-gallery-202412-202702/photo_gallery_frontend/src/App.js", "pattern": "/^                title={favoritesOnly ? \"Show all photos\" : \"Show favorites only\"}$/", "language": "JavaScript", "kind": "field", "scope": "App.title", "scopeKind": "class"}, {"_type": "tag", "name": "makePhotoUrl", "path": "/home/kavia/workspace/code-generation/responsive-photo-gallery-202412-202702/photo_gallery_frontend/src/App.js", "pattern": "/^function makePhotoUrl(seed, width, height) {$/", "language": "JavaScript", "kind": "function", "signature": "(seed, width, height)"}, {"_type": "tag", "name": "pg-favtoggle ${favoritesOnly ? \"pg-favtoggle--active\" : \"\"}", "path": "/home/kavia/workspace/code-generation/responsive-photo-gallery-202412-202702/photo_gallery_frontend/src/App.js", "pattern": "/^                className={`pg-favtoggle ${favoritesOnly ? \"pg-favtoggle--active\" : \"\"}`}$/", "language": "JavaScript", "kind": "field", "scope": "App.className", "scopeKind": "class"}, {"_type": "tag", "name": "query", "path": "/home/kavia/workspace/code-generation/responsive-photo-gallery-202412-202702/photo_gallery_frontend/src/App.js", "pattern": "/^                value={query}$/", "language": "JavaScript", "kind": "field", "scope": "App.value", "scopeKind": "class"}, {"_type": "tag", "name": "readFavoritesFromStorage", "path": "/home/kavia/workspace/code-generation/responsive-photo-gallery-202412-202702/photo_gallery_frontend/src/App.js", "pattern": "/^function readFavoritesFromStorage() {$/", "language": "JavaScript", "kind": "function", "signature": "()"}, {"_type": "tag", "name": "writeFavoritesToStorage", "path": "/home/kavia/workspace/code-generation/responsive-photo-gallery-202412-202702/photo_gallery_frontend/src/App.js", "pattern": "/^function writeFavoritesToStorage(favoritesSet) {$/", "language": "JavaScript", "kind": "function", "signature": "(favoritesSet)"}], "hash": "260367d76f76ded2317cd98cab9c3ee9", "format-version": 4, "code-base-name": "photo_gallery_frontend", "filename": "photo_gallery_frontend/src/App.js", "fields": [{"name": "aria-pressed={favoritesOnly}", "scope": "App.aria", "scopeKind": "class", "description": "unavailable"}, {"name": "title={favoritesOnly ? \"Show all photos\" : \"Show favorites only\"}", "scope": "App.title", "scopeKind": "class", "description": "unavailable"}, {"name": "className={`pg-favtoggle ${favoritesOnly ? \"pg-favtoggle--active\" : \"\"}`}", "scope": "App.className", "scopeKind": "class", "description": "unavailable"}, {"name": "value={query}", "scope": "App.value", "scopeKind": "class", "description": "unavailable"}]}