{"is_source_file": false, "format": "", "description": "", "external_files": [], "external_methods": [], "published": [], "classes": [], "methods": [], "calls": [], "search-terms": [], "state": 2, "file_id": 12, "knowledge_revision": 16, "git_revision": "03855afea012322108782531bc32b4a7a80bec23", "hash": "9c5fa65e5cd4701acb309b26eb10cbf6", "format-version": 4, "code-base-name": "photo_gallery_frontend", "filename": "README.md", "revision_history": [{"16": "03855afea012322108782531bc32b4a7a80bec23"}]}